,text,label
0,KW:destruction So you have a new weapon that can cause un-imaginable destruction.,1
1,"KW:collision my favorite lady came to our volunteer meeting
hopefully joining her youth collision and i am excite http://t.co/Ij0wQ490cS",1
2,KW:crashed @brianroemmele UX fail of EMV - people want to insert and remove quickly like a gas pump stripe reader. 1 person told me it crashed the POS,1
3,KW:seismic ON THE USE OF PERFORATED METAL SHEAR PANEL SFOR SEISMIC-RESISTANT APPLICATIONS http://t.co/cX5OjH2Dr4,0
4,LOC:dorito land KW:suicide%20bomb she's a suicide bomb,0
5,LOC:Dallas Fort-Worth KW:pandemonium Pandemonium In Aba As Woman Delivers Baby Without Face (Photos) - http://t.co/c5u9qshhnb,1
6,"LOC:Mumbai, Maharashtra KW:survived It's a miracle that mankind survived 70 years since one of the worst days in its history. All bets are off if it will survive the next 70.",1
7,KW:hurricane @pattonoswalt @FoxNews Wait I thought Fecal Hurricane was on SciFi? Maybe that was turdnado. I've been forgeting up a shit storm lately.,1
8,"LOC:Sarasota, FL KW:hijacker Remove the http://t.co/Xxj2B4JxRt and Linkury Browser Hijacker http://t.co/9gtYlgXrOE http://t.co/yG6Rj86BKI",0
9,"LOC:Gold Coast, Qld, Australia KW:evacuate myGC: Broken powerlines evacuate Gold Coast tram suspend services http://t.co/6e7hHfeRz4",1
10,LOC:The Netherlands KW:weapons 'The Reagan Administration had arranged for Israeli weapons to be sent to the Guatemalan Army  http://t.co/4fYNQ1hWWb,1
11,LOC:South 37 KW:annihilated @PhilipDuncan @breakfastone People 'annihilated by last nights weather'... Really Philip thought you would have forecast that...,1
12,KW:storm TodayÛªs storm will pass; let tomorrowÛªs light greet you with a kiss. Bask in this loving warmth; let your soul return to bliss.,1
13,LOC:Riyadh ') KW:hellfire Hellfire! We donÛªt even want to think about it or mention it so letÛªs not do anything that leads to it #islam!,1
14,"LOC:?? KW:thunder Oh shit its rly sheeting
Aaaaaand there's the thunder and lightning
I missed summer storms",1
15,LOC:Birmingham KW:ablaze @nxwestmidlands huge fire at Wholesale markets ablaze http://t.co/rwzbFVNXER,1
16,LOC:CA physically- Boston Strong? KW:annihilation U.S National Park Services Tonto National Forest: Stop the Annihilation of the Salt River Wild Horse... https://t.co/sW1sBua3mN via @Change,1
17,KW:drowned Wtf this mom just drowned her child?!,1
18,LOC:Here there and everywhere KW:desolate I totally agree. They rape kill destroy and leave land desolate. Action needs to happen before the swarm swells. https://t.co/Twcds433YI,1
19,KW:tornado @Rebelmage2 I'm glad you got away XD But My 'be safe' was in reference to a tornado near calgary and drum heller at around 4 :O,1
20,KW:storm The Secrets Of The Storm Vortex The Lightning Catcher Book Û_ : http://t.co/OIyWrzL79Z .,0
21,KW:dust%20storm Dust devil maintenance fee - buy up la rotary storm guard: UVoPWZ,0
22,"LOC:Toronto, Ontario KW:rescue UD: Rescue (Structural Collapse) - Scott Road @ Ypres Road York (14 Trucks)",1
23,"LOC:Las Vegas, NV  KW:twister 950. If a landslide tumbles down todayI'm on your side

And if a twister sweeps it all away-

YOU'RE ON YOUR OWN BITCH!*runs into distance*",1
24,LOC:tx KW:screaming @camilacabello97 Internally and externally screaming,1
25,"LOC:Colonial Heights, VA KW:rioting @halljh1720. I am so sick of criminals parents and friends rioting when they are killed by police. You don't give a Damn when officer is.",1
26,LOC:Beirut/Toronto KW:weapons Friendly reminder that the only country to ever use nuclear weapons is the U.S. And it was against civilians. https://t.co/7QrEPylLUK,1
27,"LOC:Live Oak, TX KW:bleeding @KatRamsland Yes I'm a bleeding heart liberal.",1
28,"LOC:Mumbai, Maharashtra KW:electrocuted Watching a man electrocuted on the roof of #mumbailocals is definitely a lesson.. People please learn!! #lessonforlife #marinelines #mumbai",1
29,LOC:Fukushima city Fukushima.pref KW:nuclear%20disaster Over half of poll respondents worry nuclear disaster fading from public consciousness http://t.co/YtnnnD631z ##fukushima,0
30,KW:desolate Me watching Law &amp; Order (IB: @sauldale305) (Vine by @NaturalExample) https://t.co/tl29LnU44O,1
31,"LOC:London, UK KW:emergency%20services I am not an American but I have family who have served in the military work in the emergency services and work in... http://t.co/Pl2VzLrKVK",1
32,KW:explosion ITS A TIE DYE EXPLOSION ON IG HELP ME. IM DROWNING IN TIE DYE,1
33,"LOC:Stalybridge, Tameside KW:first%20responders At the #999day Emergency Services display! Meeting the brave police firefighters and first responders that help keep us safe! ????????",1
34,LOC:? KW:survived @TheSmallClark 'He'll kill me instead if he survived the shot. I don't exactly know. I fled the scene and pulled the trigger with---,1
35,KW:bush%20fires One thing you can be sure of. There will never be bush fires in Scotland as the ground is always soaking wet????,0
36,"LOC:Sylacauga, Alabama KW:death @Allahsfinest12 ...death to muslims",1
37,LOC:http://www.amazon.com/dp/B00HR KW:chemical%20emergency USA: BREAKING NEWS: CHEMICAL SPILL/EVACUATIONS/RED CROSS EMERGENCY http://t.co/007Npen6LG,1
38,KW:weapon Even if u have your weapon and your badge we gonna put them choppas on your ass????,1
39,on the flip side I'm at Walmart and there is a bomb and everyone had to evacuate so stay tuned if I blow up or not,1
40,LOC:Idaho KW:dust%20storm @NWSPocatello BG-16: So far brunt of storm just to our north. Grayed out w/ dust &amp; rain to N blue sky interspersed w/ clouds to S.,0
41,"LOC:cleveland, oh KW:volcano @alextucker VOLCANO BOWL DRINK",1
42,"LOC:Corpus Christi, Texas KW:fatalities We are totally unprepared for an EMP attack. Both China Russia and probably Isis possess them. 90% fatalities. Why are we pushing them?",1
43,"LOC:Warwick, RI @Dollarocracy also KW:bombed Storm in RI worse than last hurricane. My city&amp;3others hardest hit. My yard looks like it was bombed. Around 20000K still without power",1
44,LOC:World Wide!! KW:ablaze INEC Office in Abia Set Ablaze - http://t.co/3ImaomknnA,1
45,LOC:USA KW:hijacker How to remove http://t.co/HRSfA8zujI BrowseråÊHijacker http://t.co/vLnjNoLNme http://t.co/iF5RoGFJRi,0
46,KW:forest%20fires I'm about to cook your Smokey the Bear saving forest fires face ass  https://t.co/WtGGqS5gEh,0
47,KW:deaths @Eazzy_P we will never know what would have happened but the govt seemed to think that their beliefs warranted the deaths of innocent japs,1
48,"LOC:Kansas KW:survive Escaping her captors was the 1st step. Now she must survive a deadly storm &amp; a wild-looking recluse.
BETRAYED
http://t.co/0Q040STkCV
#books",1
49,LOC:Fairy Tail!  KW:flames @AisuMage @AkumaReisu --just between Gray and Ophelia red flames blazing around her person setting nearly everything in the area--,1
50,LOC:Boston Û¢ Cape Cod ? KW:fatality Dying of Lyme disease: Case fatality rate nearly 100% http://t.co/RgT9GhODpW,1
51,"LOC:Coventry, UK KW:lightning dogs Lightning reshapes rocks at the atomic level - A lightning strike can reshape a mineral's crystal structure ... http://t.co/2Wvmij5SA4",0
52,KW:heat%20wave Chilli heat wave Doritos never fail!,0
53,LOC:Gander NF KW:thunder Random wind gust just came through #Gander.  Probably some convection outflow.  Haven't heard any thunder yet but a few spits of rain #nlwx,1
54,LOC:Washington DC KW:weapon Rare insight into #terror and How to fight it http://t.co/t6OBVWaPhW #Cameroon #USA #Whitehouse #ES #FR #Nigeria #UK #Africa #DE #CA #AU #JP,1
55,"LOC:See the barn of bleakness KW:collided OMG OMG OMG #JustinBieber and #HarryStyles have collided in a nuclear accident at #Cern ^oo^

#HarryBeCareful http://t.co/p4huQUNDQi",0
56,LOC:taco bell KW:burning @Michael5SOS haha so would you say its so hot your balls are burning off????,1
57,"LOC:Washington, DC KW:derailed #Metro still doesn't know when Blue &amp; Orange lines will reopen. Empty passenger car derailed ~ 5 a.m. NOT a new 7000-series. @CQnow #WMATA",1
58,LOC:Chicago KW:hazard CONFIRMED: Sanchez Hazard and Bolasie will be out for the rest of the season. https://t.co/7Ct01nEptL,1
59,KW:desolate Thanks a lot roadworks men cos a tube strike wasn't disruptive enough so having to walk the desolate route from Tottenham to .....,1
60,LOC:Dundee KW:landslide DUNDEE NEWS: Army veteran fears loose rocks from Dundee landslide could kill him at any moment http://t.co/y7Rv0tiL1w,1
61,LOC:Kashmir! KW:wounds Read ~ THE UNHEALED WOUNDS OF AN UNENDING CONFLICT #Kashmir #Pakistan #India http://t.co/sAF9MoSkSN #EndOccupation #EndConflict #FreeKashmir,1
62,LOC:Central Illinois KW:blight @todd_calfee so @mattburgener wanted to see that info on blight u got,1
63,LOC:Greenpoint KW:sinkhole @DavidCovucci We can't because a sinkhole swallowed every taco place in the neighborhood,0
64,"LOC:Manhattan, NY KW:wrecked @Kirafrog @mount_wario Did you get wrecked again?",1
65,"LOC:West Vancouver, B.C. KW:wild%20fires Man selling WILD MORELS at Ambleside Farmr Mart.Sun.-MUSHROOM forageSECRET IS TO KNOW WHAT TREES they grow under &amp; BEST AFTER FOREST FIRES",0
66,LOC:NJ KW:buildings%20burning @themagickidraps not upset with a rally upset with burning buildings businesses executing cops that have nothing to do with it etc,1
67,KW:heat%20wave Cherry print + matching lipstick (just rediscovered NarsÛª Û÷Heat WaveÛª).?? by @emilyschuman http://t.co/4eGh1G1Jk7,0
68,"LOC:Huntsville, AL KW:mass%20murderer @TheEconomist Step one: get that mass murderer's portrait off the yuan.",0
69,"LOC:Alexandria, VA KW:derailed .@unsuckdcmetro Is the train half-derailed or half-railed? #deepthoughts",1
70,LOC:Tennessee KW:damage @GettingLost @JennEllensBB @Muncle_jim It said they had superficial wounds and it was the pepper spray that did the most damage.,1
71,"LOC:Chicago, IL KW:curfew Police: Teenagers arrested for curfew violations in Evanston were riding stolen bicycles: Two teenagers taken into cus...  #Chicago #news",1
72,"LOC:Philadelphia, PA KW:fatalities PolicyLab is at @CECANF's last public hearing in NYC today and tomorrow to address child abuse and neglect fatalities http://t.co/n2cY3Z4TPB",1
73,"LOC:WV, love the blue and gold KW:survivors @Arovolturi3000 survived because of magic  she is searching the wood for survivors outside of London",1
74,"LOC:Earth, Milky Way, Universe KW:famine exporting food wont solve the problem. africans will end famine n poverty by SOLVING OUT OF CONTROL TRIBAL WARS. https://t.co/UttaNbigRx",1
75,"LOC:Gainesville, FL KW:burned burned 129 calories doing 24 minutes of Walking 3.5 mph brisk pace #myfitnesspal",1
76,LOC:Shanghai KW:survivors Survivors of Shanghai Ghetto reunite after 70 years - http://t.co/1Ki8LgVAy4 #Shanghai #China #??,0
77,LOC:Bracknell KW:sunk @SaintRobinho86 someone has to be at the bottom of every league. Tonight clearly demonstrated why the Lions are where they are - sunk!,1
78,KW:evacuate Disregard my snap story there is an angry white girl riot happening as we speak. #evacuate,1
79,KW:bush%20fires Ted Cruz fires back at Jeb &amp; Bush: ÛÏWe lose because of Republicans like Jeb &amp; Mitt.Û [Video] -  http://t.co/bFtiaPF35F,0
80,"LOC:Republic of the Philippines KW:cyclone A new tropical cyclone is forming near Guam.

Once it is formed it will be called 'Molave'.",1
81,LOC:Attock KW:upheaval Ancient Mayan Tablet found via http://t.co/LmUMzkLtln http://t.co/yebxxAryBF http://t.co/SRRUqfffr6 http://t.co/CadzxAgMSI,0
82,"LOC:Nashville, TN KW:lava Imagine a room with walls that are lava lamps.",1
83,LOC:Los Angeles KW:fire%20truck 133 N past  the 5 L lane is reopened. All other lanes are closed. All lanes are open on the 133 S. Trash truck fire cleanup. @KNX1070,1
84,"LOC:Leduc, Alberta, Canada KW:emergency%20plan Can't fix stupid. MT @CBCCalgary Don't drive through flooded underpasses warns city as it enacts Municipal Emergency Plan. #yyc #abstorm",1
85,"LOC:London, England KW:mudslide @new_hart2010 #mudslide... nuff said #GBBO",1
86,KW:suicide%20bomb @FoxNewsInsider All Obama is doing is giving a false time schedule on Iran testing there first bomb      Bomb = Nuclear Suicide Vest,0
87,KW:drowning Boy saves autistic brother from drowning: A nine-year-old in Maine dove into a pool to save his autistic brother from drowning,1
88,KW:riot To All The Meat-Loving Feminists Of The World Riot Grill Has Arrived http://t.co/TiOst8oKvX,1
89,LOC:ANDY 4 LEADER X KW:mass%20murderer @TelegraphWorld lets hope it's a upper class white mass murderer....''' Mmmm,0
90,KW:devastated @UN No more #GujaratRiot &amp; #MumbaiRiot92-93 which devastated 1000&amp;1000 Indianperpetrated by #Modi &amp; #ChawalChorbjp @UN_Women  @UNNewsTeam,1
91,LOC:USA KW:fatalities Las Vegas in top 5 cities for red-light running fatalities http://t.co/kC8O81BcHG,1
92,KW:terrorist HereÛªs how media in Pakistan covered the capture of terrorist Mohammed Naved http://t.co/f7WqpCEkg2,0
93,LOC:Bandung KW:flames New Giant Flames (GIANT FULL BLACK PANTOFEL) info/order sms:087809233445 pin:23928835 http://t.co/dthNEezupe  pic.twitter.com/pNPiZoDY,1
94,LOC:South Africa KW:ablaze TRUCK ABLAZE : R21. VOORTREKKER AVE. OUTSIDE OR TAMBO INTL. CARGO SECTION. http://t.co/8kscqKfKkF,1
95,"LOC:London, Sydney KW:whirlwind Two hours to get to a client meeting. Whirlwind of emotions with this #tubestrike",1
96,LOC:Planet Earth KW:deaths Irony just died a thousand deaths! ???? http://t.co/dBU30ObDxz,0
97,KW:arsonist Big Top Burning The True Story Of An Arsonist A Missing Girl Û_ : http://t.co/QxH1H61cwD .,1
98,KW:whirlwind Whirlwind Medusa Audio Snake: 16 microphone inputs 0 returns 150 ft http://t.co/mxkAlMQpdb http://t.co/8KZnhtYtt9,1
99,KW:bioterrorism CDC has a pretty cool list of all bioterrorism agents :3,1
100,"LOC:Illinois, USA KW:wounded Let's not forget our wounded female veterans. http://t.co/rZ7fbr10xw",1
101,"LOC:Swaning Around KW:annihilated ANNIHILATED IN DAMASCUS: SYRIAN ARMY GRINDS Û÷ALLOOSH AND HIS GANG INTO THE MANURE PILE
http://t.co/7rakhP3bWm",1
102,KW:deluged Businesses are deluged with invoices. Make yours stand out with colour or shape and it's likely to rise to the top of t e pay' pileq,1
103,LOC:World KW:avalanche Avalanche City - Sunset http://t.co/48h3tLvLXr #nowplay #listen #radio,1
104,KW:survive A country Chim can survive!,1
105,KW:hellfire Hellfire is surrounded by desires so be careful and donÛªt let your desires control you! #Afterlife,1
106,KW:storm So this storm just came out of no where. .fuck me its cool,1
107,LOC:right here KW:volcano @volcano_tornado live somewhere else for a while and Da Mill ain't too bad son! #perspective,1
108,LOC:Liverpool KW:crash Party for Bestival crash victim Michael Molloy on what would have been his 21st http://t.co/BIkR8zzbhA,1
109,"LOC:Dalston, Hackney KW:smoke @PianoHands You don't know because you don't smoke. The way to make taxis and buses come is to light a cigarette to smoke while you wait.",1
110,"LOC:Hattiesburg, MS KW:hail Two great 'dawgs' Dak and Jak !!!  HAIL STATE !!! http://t.co/igyu2PEIU3",0
111,KW:weapons @NRO Except when ordered not to carry unauthorized weapons while on duty or in military uniforms. THATS THE RULE FOOL,1
112,KW:hostage Egyptian Militants Tied to ISIS Threaten to Kill Croatian Hostage (New York Times) http://t.co/GTXndnJRrl (1717 GMT),1
113,"KW:screaming #NoChillLukeHammings
IM SCREAMING",1
114,"LOC:Sheffield Township, Ohio KW:ablaze Deputies: Man shot before Brighton home set ablaze http://t.co/gWNRhMSO8k",1
115,"LOC:a feminist, modernist hag. KW:obliteration @ThatSabineGirl you get me sis. this planet could do with a huge dose of obliteration.",1
116,LOC:Mongolia KW:hijacking #hot  Funtenna: hijacking computers to send data as sound waves [Black Hat 2015] http://t.co/J2aQs5loxu #prebreak #best,1
117,LOC:Birmingham & Bristol KW:mudslide 'It looks like a mudslide' poor thing! ?? #greatbritishbakeoff,1
118,LOC:Nigeria KW:hijack Criminals Who Hijack Lorries And Buses Arrested In Enugu (PHOTO) @DONJAZZY @PoliceNG #HumanRights  https://t.co/XyFl8wy62g,1
119,LOC:N. California USA KW:weapons Mere sight of a gun makes police ÛÒ and public ÛÒ more aggressive experts say http://t.co/N4NEUIyt2k,0
120,LOC:Here And There KW:armageddon Armageddon https://t.co/uCSUDk3q1d,1
121,LOC:India KW:collapse Ashes 4th Test: 10 Hilarious Twitter Reactions to Australia's collapse http://t.co/6DznEjuVD3 by @Absolut_Sumya15,0
122,"LOC:Greenville, S.C. KW:wreck Greer man dies in wreck http://t.co/n2qZbMZuly",1
123,"LOC:Joshua Tree, CA KW:quarantine Reddit Will Now Quarantine Offensive Content http://t.co/WosYPVQUFI http://t.co/XW8SDS1Tjp",1
124,"LOC:#WashingtonState #Seattle KW:fatalities #Seattle's deadliest red light runner intersections revealed
 http://t.co/gHk9Xup6E0",1
125,KW:panicking all that panicking made me tired ;__; i want to sleep in my bed,1
126,"LOC:Sarasota, FL KW:quarantined Reddit's new content policy goes into effect many horrible subreddits banned or quarantined http://t.co/ZsXqbdUzBN http://t.co/6NCfjXPLOY",1
127,KW:crash HTML5 Beginners Crash Course http://t.co/Y32oWBroVF #course http://t.co/Vr2U4cErW8,1
128,KW:burning My hand is burning,1
129,"KW:explosion A Time-Lapse Map of Every Nuclear Explosion Since 1945 - by Isao Hashimoto #War #atomicbomb 
https://t.co/V0t8H4Iecc",1
130,"LOC:Houston, TX KW:weapons I'm sorry but if you have to resort to weapons to settle something you're a pussy win or lose take your shit like a man &amp; leave it at that",1
131,"LOC:Memphis, TN KW:army Salvation Army hosts rally to reconnect fathers with children: The Salvation Army is hosting a back to school rallyÛ_ http://t.co/rDjpor3AZg",1
132,KW:rainstorm #DnB #NewRelease EDGE Jimmy - Summer Rainstorm (Lapaka Sounds) http://t.co/4L8h2FKlNO via http://t.co/ZITQKDFXJY,0
133,"LOC:Broomfield, CO KW:detonate #Boulder deputies are waiting for the bomb squad to detonate grenade like this one found in Stearns lake today http://t.co/7cADM3lNkO",1
134,KW:drowned Visting Georgina at The Drowned Rat Cafe.....awful view!! http://t.co/pYLFb3tI9U,1
135,LOC:Saint Paul KW:injury My prediction for the Vikings game this Sunday....dont expect a whole lot. Infact I think Zimmer goal is....injury free 1st game,1
136,LOC:New York KW:whirlwind Back from Seattle Tacoma and Portland. Whirlwind! http://t.co/qwHINBni8e,1
137,KW:destroyed Russian customs destroyed a total of 319 tons of food today phew! Some Italian meats were burned in an incinerator in Pulkovo airport.,0
138,LOC:Oshawa/Toronto KW:violent%20storm This is one violent and belligerent storm. I'm enjoying watching it unfold,1
139,"KW:evacuated I got evacuated from the cinema 30 mins through Inside Out
Kill me please",0
140,"LOC:Burlington, VT KW:radiation%20emergency Some of worst radiation exposure from Fukushima meltdown happened 47km northwest-Proof that small emergency planning zones donÛªt cut it",1
141,LOC: Road to the Billionaires Club KW:derail @TemecaFreeman GM! I pray any attack of the enemy 2 derail ur destiny is blocked by the Lord &amp; that He floods ur life w/heavenly Blessings,1
142,"LOC:San Francisco, CA KW:airplane%20accident Statistically I'm at more of risk of getting killed by a cop than I am of dying in an airplane accident.",0
143,"LOC:Geneva KW:cyclone Blending the old with the new in #Vanuatu to prepare for future emergencies: 
http://t.co/aFMKcFn1TL http://t.co/8QqzYZIAqf",0
144,LOC:Somewhere out there KW:heat%20wave @rachelcaine The weatherit needs to make it minds up. First snow tornadoes now would you say a heat wave?,1
145,"LOC:Los Angeles, CA KW:deluge RT @NLM_DIMRC: A deluge of resources on #floods for medical providers cleanup workers &amp; more at: http://t.co/aUoeyIRqE6",1
146,KW:hijacking #hot  Funtenna: hijacking computers to send data as sound waves [Black Hat 2015] http://t.co/UMgD92wLjA #prebreak #best,1
147,LOC:Costa Rica KW:violent%20storm RT '@NASASolarSystem: Jupiter's Red Spot is a violent storm larger than the entire Earth: http://t.co/i0Tvl15CoZ http://t.co/IgtXhapO0K,0
148,KW:panicking @Dirk_NoMissSki yea but if someone faints why are they panicking?.. thats basic stuff ??,1
149,LOC:#BlackLivesMatter KW:hurricane @zaynmaIikist listen to hurricane,1
150,"LOC:Perth, Western Australia KW:collapsed @xDescry I was wrong to call it trusty actually.. considering it spontaneously collapsed on me that's not very trusty.",1
151,"KW:famine A grade in Black Horse Famine[MEGA]. Score 0840728
http://t.co/pdiit0AF3Q
#Dynamix http://t.co/ZQ5KDOx7BY",0
152,"LOC:Cobblestone KW:blown%20up 'If a truckload of soldiers will be blown up nobody panics but when one little lion dies everyone loses their mind'
http://t.co/wjNTaOkdHf",1
153,LOC:California KW:floods Floods Fishing Finally Sunshine &amp; Fab Deals from Albertsons Anniversary Sale |Lauren Paints | a beautiful life http://t.co/CwHSLMB8x9,0
154,KW:refugees Short of throwing them overboard himself I don't think any other leader could do much worse by #refugees than @TonyAbbottMHR worst pm ever!,1
155,LOC:manaus KW:flames watching it go up in flames,1
156,LOC:Canada KW:trouble @canagal Good to hear it's back.. that storm's been given you guys trouble though :( ^SJ,1
157,LOC:Birmingham KW:ablaze @bbcmtd Wholesale Markets ablaze http://t.co/lHYXEOHY6C,1
158,KW:collided Cyclist who collided with runner on Roanoke greenway wins $300000 civil verdict - Roanoke Times: Cyclist who c... http://t.co/E2WfGp8JHk,1
159,LOC:worldwide KW:hijacker RT NotExplained: The only known image of infamous hijacker D.B. Cooper. http://t.co/JlzK2HdeTG,0
160,LOC:Canada KW:fire I'm On Fire.  http://t.co/WATsmxYTVa,0
161,KW:hijacker Remove the http://t.co/2nS5TfnxpA and Linkury Browser Hijacker http://t.co/W2kVScbTLp http://t.co/tn8o00NrLP,0
162,LOC:Bronx NY KW:injured @ChristieC733 please support this Please cosponsor S. 928 and support aid for sick and injured 9/11 responders! #renew911health,1
163,KW:suicide%20bombing @JewhadiTM It is almost amazing to think someone thought suicide bombing would actually be a good idea.,1
164,LOC:5-Feb KW:screams When you go to a concert and someone screams in your ear... Does it look like I wanna loose my hearing anytime soon???,1
165,LOC:New York KW:arsonist Arsonist Sets NYC Vegetarian Restaurant on Fire: Police #NewYork - http://t.co/Nr7usT3uh8,1
166,KW:injury incident with injury:I-495  inner loop Exit 31 - MD 97/Georgia Ave Silver Spring,1
167,LOC:Nigeria KW:displaced Angry Woman Openly Accuses NEMA Of Stealing Relief Materials Meant For IDPs: An angry Internally Displaced wom... http://t.co/6ySbCSSzYS,0
168,LOC:London KW:landslide 11:30BST traffic: A10&gt;Paris A40 Geneva A7 Mons A1 Hamburg A2&gt;Hanover A5 Karlsruhe Gotthard n/b  http://t.co/yoi9tOCxiQ,1
169,KW:bioterror House Energy &amp;amp; Commerce subcommittee to hold 7/28 hearing of CDC oversight of bioterror labs Army anthrax mishaps. httÛ_,1
170,KW:eyewitness Interesting approach but doesn't replace Eyewitness video. The Ferguson Case - Video - http://t.co/vEcsoSRleR http://t.co/fiUOgj6hEF,1
171,LOC:??? ????????????? KW:weapons I will adamantly opposed to nuclear weapons.,1
172,KW:fire I See Fire,0
173,"LOC:Riverside, CA KW:collision San Bernardino I10 W Eo / Redlands Blvd **Trfc Collision-No Inj** http://t.co/FT9KIGmIgh",0
174,KW:bridge%20collapse A Marshall Plan for the United States by Dambisa Moyo via @ProSyn #oped http://t.co/l5g2zJ3kgG via @po_st,0
175,LOC:Middle Earth / Asgard / Berk KW:desolation Fotoset: elanorofrohan: 10th December 2013 Green Carpet in Zurich for the Swiss Premiere of The Desolation... http://t.co/BQ3P7n7w06,1
176,LOC:@ ForSL/RP KW:engulfed @godsfirstson1 and she wrapped his coat around herself. It practically engulfed her.,1
177,LOC:LA ?? KW:fire%20truck theres a fire truck in this parking lot,0
178,KW:exploded The Dress Memes Have Officially Exploded On The Internet http://t.co/3drSmxw3cr,1
179,KW:injury CLEARED:incident with injury:I-495  inner loop Exit 31 - MD 97/Georgia Ave Silver Spring,1
180,LOC:glasgow KW:sunk Near them on the sand half sunk a shattered visage lies... http://t.co/0kCCG1BT06,1
181,"LOC:Denver, CO KW:avalanche Chiasson Sens can't come to deal #ColoradoAvalanche #Avalanche http://t.co/2bk7laGMa9 http://t.co/bkDGCfsuiQ",1
182,KW:rescued Funds Needed for Rescued then Abandoned Cocker Spaniels http://t.co/RJrmW7nzy5,0
183,LOC:316 KW:body%20bagging 'I did another one I did another one. You still ain't done shit about the other one.' Nigga body bagging Meek.,1
184,LOC:Wakefield MA KW:snowstorm Manuel hoping for an early Buffalo snowstorm so his accuracy improves.,1
185,LOC:Alabama KW:rioting http://t.co/jMzcaqyDfa  Cindy Noonan@CindyNoonan-Heartbreak in #Baltimore #Rioting #YAHIstorical #UndergroundRailraod,0
186,KW:cliff%20fall Fall off a cliff please  https://t.co/4vWSL2Gfp0,1
187,LOC:Milton/Tallahassee KW:detonate Apollo Brown ft. M.O.P- Detonate - http://t.co/OMfGv9ma1W,1
188,KW:catastrophe #nar #phuket Ultimate #preparedness library: http://t.co/qYAeNDvDGC Prepare Yourself For Any Catastrophe. Over http://t.co/3Zp6Ahnsxn,1
189,LOC: Bouvet Island KW:catastrophic @APANO55 @JamesMelville 99% of Scientists donÛªt believe in Catastrophic Man-Made Global Warming only the deluded do.,1
190,KW:hijack Bayelsa poll: Tension in Bayelsa as Patience Jonathan plans to hijack APC PDP: Plans by former First Lady and... http://t.co/86RSYy2tng,1
191,"LOC:Kolkata, India KW:collapse Warne Ponting shocked by Australian collapse - Yahoo Cricket India https://t.co/hsgkTeZUCN",0
192,KW:seismic On Thursday at 00:25 we updated our #kml of 2D and 3D #seismic exploration vessels. #offshore #oil http://t.co/btdjGWeKqx,0
193,LOC:????? KW:weapon Abe government said the missiles were not 'weapon' so JSDF could provide them to the ally when collective self defense right was exercised.,1
194,"LOC:St. John's, NL, Canada KW:fatalities The RCMP are reporting fatalities and serious injuries as a result of the collision on the TCH near Whitbourne.",1
195,"LOC:Unknown  KW:sinkhole Sinkhole Selfies: You Wont Believe What's In The Brooklyn Sinkhole!: 
        Sinkhole Selfies: You Wont Belie... http://t.co/A3b5n3rcr5",0
196,KW:demolition Israel continues its demolition of Palestinian homes #gop #potus #irandeal #isis  https://t.co/NMgp7iMEIi,1
197,LOC:OES 4th Point. sisSTAR & TI KW:bioterrorism I liked a @YouTube video http://t.co/XO2ZbPBJB3 FEMA REGION III TARGETED for BIOTERRORISM !!! NASA - JAPAN ROCKET LAUNCH with LITHIUM,1
198,"LOC:Chicago, IL KW:survivors RT @kotowsa: South SudanÛªs war on women: survivors say rape has become 'just a normal thing' 
https://t.co/MexwoHd3TG http://t.co/gB46FiD2wE",1
199,"LOC:Orange County, California KW:arsonist Video Captures Man Removing American Flag From Long Beach CA Home Burning It; Arsonist Sought http://t.co/JP2QlrunjJ http://t.co/jbpgkGOwSi",0
200,"LOC:Mackay, QLD, Australia KW:buildings%20burning Mmmmmm I'm burning.... I'm burning buildings I'm building.... Oooooohhhh oooh ooh...",1
201,LOC:canada KW:floods @Cyberdemon531 i hope that mountain dew erodes your throat and floods your lungs leaving you to drown to death,1
202,LOC:Aro Diaspora KW:deluged They've come back!! &gt;&gt; Flying ant day: Capital deluged by annual swarm of winged insects http://t.co/mNkoYZ76Cp,1
203,LOC:Norwich KW:wreck Omg if Cain dies i will be an emotional wreck #emmerdale,1
204,LOC:??? ???? ?f glory. ? KW:violent%20storm @Skarletan åÇ the storm. A violent swell of emotions then nothing.,0
205,LOC:California KW:injuries Enjoying a little golf this summer? Take care to avoid injury -- back and shoulder injuries can happen quickly http://t.co/f1R5ISBVks,1
206,KW:sinking 4 equipment ego break upon dig your family internet hoke excepting versus a sinking term: dfLJEV,1
207,LOC:London KW:mudslide @SophieWisey I couldn't. #mudslide,1
208,KW:bioterrorism To fight bioterrorism sir.,0
209,LOC:Metro Manila KW:flooding @adorableappple No reported flooding po in the area. Ten-4. #mmda,0
210,LOC:Orm KW:earthquake Earthquake drill ??????,0
211,"LOC:Warrandyte, Australia KW:flood A [small] flood with bigåÊconsequences https://t.co/CVPdVHxd1R http://t.co/FDMXP4FcMo",1
212,LOC:California KW:rubble China's Stock Market Crash: Are There Gems In The Rubble? http://t.co/Ox3qb15LWQ | https://t.co/8u07FoqjzW http://t.co/tg5fQc8zEY,0
213,KW:twister Tornadoes: El Nino may give Canada's twister season a boost #Toronto http://t.co/agyCutKBnN,1
214,LOC:United States KW:flames ÛÏYou see the devastation &amp; itÛªs shocking.ÛÏ  Firefighters continue to battle flames in California. benstracy reports Û_,1
215,LOC:Heinz Field  KW:casualties There might be casualties tomorrow,1
216,LOC:Jersey - C.I KW:danger Honestly tho Modibo Maiga is stealing a living - fuck all about him - im past my best but still more of a danger than that fucktard #coyi,1
217,KW:disaster I'm setting myself up for disaster,0
218,KW:quarantine Reddit Will Now Quarantine OffensiveåÊContent http://t.co/VYgh2ni4Ah,1
219,LOC:belleville KW:flooding @kwislo I see her flooding at mad decent,0
220,KW:blizzard I call it a little bit of your blizzard?,1
221,LOC:Mostly Yuin. KW:casualties Whimsy as it pertains to mass casualties. Always impressive.,0
222,KW:desolation RT kurtkamka: Beautiful desolation. Just me a couple of coyotes some lizards and the morning sun. #Phoenix #ArizÛ_ http://t.co/0z1PvJVdpf,1
223,"LOC:Inglewood, CA KW:casualties Stay tuned or don't idc #casualties http://t.co/nssjPR6Pdd",0
224,LOC:the road to success KW:fire I wanna set some shit on fire.,1
225,KW:sinking That horrible sinking feeling when youÛªve been at home on your phone for a while and you realise its been on 3G this whole time,1
226,LOC:Sevier County. KW:evacuate So all the store's fire alarms went off today at work and we had to evacuate. I was like 'OMG!! I.S.I.S. ITS HAPPENING!!!!',1
227,"LOC:Barcelona, Spain KW:earthquake ML 2.0 SICILY ITALY http://t.co/z6hxx6d2pm #euroquake",0
228,LOC:Singapore KW:inundated Myanmar's president urged people to leave a low-lying southern delta region on Thursday with rain water that has inundated much of the counÛ_,1
229,LOC:dallas KW:buildings%20burning like for the music video I want some real action shit like burning buildings and police chases not some weak ben winston shit,1
230,LOC:New York KW:battle STAR WARS POWER OF THE JEDI COLLECTION 1 BATTLE DROID HASBRO - Full read by eBay http://t.co/xFguklrlTf http://t.co/FeGu8hWMc4,1
231,"LOC:London, UK KW:demolish The far right racist #AvigdorLiberman calls for destruction of #Susiya ! Previously he also called for beheadings!   http://t.co/Li8otXt8hh",1
232,"LOC:Sacramento, CA KW:burning%20buildings Killing Black Babies at Planned Parenthood where's the demonstrations looting of PP burning down the buildings Black Babies Lives Matter",1
233,KW:drowning @HeyImBeeYT its like theres fire in my skin and im drowning from within ????,1
234,a siren just went off and it wasn't the Forney tornado warning ??,1
235,"LOC:Timaru District, New Zealand KW:floods @ContactEnergy Yep. During floods of 1999 or 2000 - Clyde Dam releasing every bit of water it could. Most speccy!  EV charging your way?",1
236,LOC:Massachusetts KW:volcano Not only does he know the latest research the kiddo's GI specialist sang the volcano number from Inside Out. Now THAT is whole person care.,1
237,LOC:Northern Ireland KW:detonate @SourMashNumber7 @tomfromireland @rfcgeom66 @BBCTalkback They didn't succeed the other two times either. Bomb didn't detonate&amp;Shots missed.,1
238,LOC:infj  KW:desolation going to redo my nails and watch behind the scenes of desolation of smaug ayyy,1
239,KW:hurricane My back is so sunburned :(,1
240,"LOC:BiÌ±an,Laguna KW:threat Meek Mill responds to DrakeÛªs OVO Fest set with wedgie threat http://t.co/qqSKYbARNg",1
241,KW:burning%20buildings @fewmoretweets all lives matter. Just not a fan of burning down buildings and stealing from your neighbors to 'protest',1
242,LOC:Chicago KW:demolished ÛÏ@SplottDave: @TeamPalestina That's about 28700 Palestinian homes demolished now by Israel since 1967 w/ 0 Israeli home demolished @POTUS,1
243,LOC:Asia KW:structural%20failure Rightways: Building structural integrity &amp; failure: inspections damages defects testing  repair http://t.co/vz1irH0Nmm via @rightwaystan,1
244,KW:battle CIVIL WAR GENERAL BATTLE BULL RUN HERO COLONEL 2nd NEW HAMPSHIRE LETTER SIGNED ! http://t.co/Ot0tFFpBYB http://t.co/zaRBwep9LD,1
245,LOC:USA KW:landslide Speaking of memorable debates: 60-Second Know-It-All: Ronald Reagan's landslide romp on Election Day in 1980 m... http://t.co/2XOhtjQJWh,0
246,KW:nuclear%20disaster Chernobyl disaster - Wikipedia the free encyclopedia don't you just love the nuclear technology it's so glorious  https://t.co/GHucazjSxB,1
247,LOC:Cimerak - Pangandaran KW:massacre Review: Dude Bro Party Massacre III http://t.co/f0WQlobOoy by Patrick BromleyThe title sa  http://t.co/THpBDPdj35,0
248,KW:windstorm Windstorm lastingness perquisite - acquiesce in a twister retreat: ZiUW http://t.co/iRt4kkgsJx,1
249,KW:bioterrorism @O_Magazine satan's daughter shadow warrior in 50ft women aka transgender mode ps nyc is about to fold extra extra center of bioterrorism,1
250,LOC:At Da Laundry Mat Wit Nivea  KW:cliff%20fall 2Leezy its like you're about to fall down a cliff but you're grabbing my hand but my palms are sweaty ... Why bruh? https://t.co/GrWdr4kuf3,1
251,LOC:SÌ£o Paulo KW:fire Marquei como visto Game of Thrones - 3x5 - Kissed by Fire http://t.co/CJHH17duli #bancodeseries,0
252,LOC:New York KW:sunk Aquarium Ornament Wreck Sailing Boat Sunk Ship Destroyer Fish Tank Cave Decor - Full read Û_ http://t.co/nosA8JJjiN http://t.co/WUKvdavUJu,1
253,"LOC:Pennsylvania, USA KW:rainstorm RAIN RAIN GO AWAY... A soaker is on the way 
------&gt; http://t.co/jQFcY9GuqV &lt;----- http://t.co/tN65puhfhw",0
254,LOC:Reddit  KW:lightning Lightning strike in the distance via /r/pics http://t.co/iDmhSwewQw #pics,1
255,LOC:Nigeria KW:hijack Patience Jonathan On The Move To Hijack APC In BayelsaåÊState http://t.co/Vh8QtbyPZt,0
256,LOC:Carry On Jutta!!! KW:death Afghan peace talks in doubt after Mullah Omar's death - Financial Times | #Mullah,0
257,"LOC:Seattle, WA KW:burning%20buildings I will never support looting or the burning of buildings but when seeing the people fight back against the police. I was proud",1
258,"LOC:Calgary, AB KW:disaster The @rbcinsurance quote website = disaster. Tried 3 browsers &amp; 3 machines. Always get 'Missing Info' error due to a non-existant drop down.",0
259,KW:hijacker Medieval airplane hijacker hard shell: casting the star deviating: dYxTmrYDu,1
260,KW:thunderstorm Advice from Noah: Dont go running in a thunderstorm,0
261,KW:crashed I crashed my car into a parked car the other day... #modestmouseremix #truestory,0
262,LOC:CHICAGO KW:whirlwind A quarter whirlwind. They don't see it coming.,1
263,KW:evacuated Ahrar Al Sham: In our negotiations with Iran over Al Zabadani they wanted all Sunnis evacuated out of Al Zabadani!,0
264,"LOC:Atlanta, GA KW:dust%20storm @deadlydemi even staying up all night to he barrier for tÌüp and then having to run through a dust storm and almost passing out?",1
265,LOC:Liverpool KW:sinking Do you feel like you are sinking in low self-image? Take the quiz: http://t.co/bJoJVM0pjX http://t.co/wHOc7LHb5F,1
266,KW:destroyed @DavidVitter Hi David in 2003 I saw the USA walk into a war that destroyed the lives of millions. You can prevent a repeat. #IranDeal,1
267,KW:collided Stupid women nearly collided into me today after she came out of a junction not looking. Still kept coming towards me till I beep my horn,1
268,KW:cliff%20fall Beat the #heat. Today only Kill Cliff Free Fall $2. Pick up a #cold drink today after the #tough #crossfit... http://t.co/QaMwoJYahq,0
269,KW:detonate Bomb squad set to detonate backpack Antioch Tenn. theater gunman had on him officials say - @Tennessean http://t.co/eb74iieIWn,1
270,LOC:New York KW:emergency Survival Kit Whistle Fire Starter Wire Saw Cree Torch Emergency Blanket S knife  - Full reÛ_ http://t.co/cm7HqwWUlZ http://t.co/KdwAzHQTov,1
271,KW:fatality Fatality https://t.co/GF5qjGoyCi,1
272,KW:famine @FinancialTimes Ethiopian regimes continue receiving foreign aid when famine struck for 2 years eastern Ethiopia  https://t.co/2fGgzQn1v4,1
273,KW:natural%20disaster Patriot Survival Guide: Do you know how survive when the governments collapse or other natural disaster happens? http://t.co/QhtoerhDkM,1
274,KW:hazardous #what #tribal Olap #world pres: http://t.co/Jw6FNnsSxT How To Recognize A Hazardous Waste And The Multidimensi http://t.co/4zAzTB19qE,0
275,LOC:Le Moyne '16 KW:casualties Need to stop bottling things up because when everything eventually explodes the casualties just keep getting higher and higher,1
276,"LOC:los angeles KW:disaster Keeps askin me what this means
Not like i got the answers
Plus if i say the wrong thing
This might just turn into a disaster",1
277,"LOC:Alicante, Spain KW:death New: NYC Legionnaires' disease death toll rises http://t.co/NqL21ajmiv #follow (http://t.co/18xQ3FmuGE)",1
278,LOC:Vancouver KW:collision 7:13pm #MAPLERIDGE Lougheed Hwy EB is closed between 203rd and Dewdney Trunk Rd because of Collision. ETO is between 8:00 PM and 9:00 PM.,1
279,LOC:oklahoma KW:earthquake Posted a new song: 'Earthquake' http://t.co/RfTyyZ4GwJ http://t.co/lau0Ay7ahV,0
280,LOC:Connecticut KW:annihilation @SonofBaldwin and he's the current Nova in the bookslast I checked..he was tied into the books in 2011 after Rider died during Annihilation,0
281,Our Deeds are the Reason of this #earthquake May ALLAH Forgive us all,1
282,"LOC:Austin, TX KW:snowstorm @PrablematicLA @Adweek I'm actually currently dressed for a snowstorm...despite being in the middle of a Texas summer. Thanks office A/C.",1
283,LOC:Porthcawl KW:snowstorm I liked a @YouTube video http://t.co/z8Cp77lVza Boeing 737 takeoff in snowstorm. HD cockpit view + ATC audio - Episode 18,1
284,LOC:Û¢901Û¢ KW:evacuate AND MY FAM HAD TO EVACUATE BC WE NEED POWER,1
285,LOC:Welt KW:chemical%20emergency ???? #Krefeld: the incident happened in a chemical industry park! Emergency operations underway! A building reportly collapsed! @cnnbrk @ntvde,1
286,"LOC:Melbourne, Australia KW:emergency From @LeanDOTorg: Lean Thinking for Quicker Police Emergency Response Time http://t.co/suZBkyW5TT",0
287,LOC:ON KW:rubble China's Stock Market Crash: Are There Gems In The Rubble? http://t.co/j4ggmKINEy #forbesasia,1
288,"LOC:Nashville, TN KW:first%20responders Thankful for our first responders especially @MNPDNashville for life saving response today in Antioch!",1
289,"LOC:The Jewfnited State KW:trauma Why #Marijuana Is Critical For Research in Treating #PTSD

http://t.co/T6fuAhFp7p 
#hempoil #cannabis #marijuanaÛ_ http://t.co/RhE7dXM7Ey",0
290,KW:destroy (SJ GIST): 148 Houses Farm Produce Destroy... http://t.co/dkrGS2AWEX #StreetjamzDotNet | https://t.co/mR9KcGpIwM,1
291,LOC:B&B near Alton Towers KW:sinkhole @MoorlandsChmbr Loads of stuff going on recently. See the blog at http://t.co/XVcO7sLxhW #sinkhole #piling http://t.co/jbVmGeg522,0
292,KW:buildings%20burning @SonofLiberty357 all illuminated by the brightly burning buildings all around the town!,0
293,"LOC:USA, Alabama KW:emergency%20services Sustainability Task Force Presents Levy to Fund Emergency Services - WDTV http://t.co/2FiBE2HAXC",1
294,KW:buildings%20burning @zourryart I forgot to add the burning buildings and screaming babies,1
295,KW:detonation Ignition Knock (Detonation) Sensor-Senso Standard KS94 http://t.co/dY1erSDcRh http://t.co/m4cPmxmuRK,1
296,"LOC:BILASPUR,CHHATTISGARH,495001 KW:terrorist The Pak terrorist who has been caught alive must be tried fast not delayed as KasabWe must send very hard message to Pak instead of Biryani",1
297,LOC:Anonymous KW:mass%20murder http://t.co/FhI4qBpwFH @FredOlsenCruise Please take the #FaroeIslands off your itinerary until the mass murder of dolphins &amp; whales stops.,0
298,LOC:Pakistan KW:deluged News Alerts - Glimpses: Hyderabad deluged by heavy rainfall,1
299,LOC:????s ?? ????Ìø????Ì¡a KW:trapped (?EudryLantiqua?) Hollywood Movie About Trapped Miners Released in Chile: 'The 33' Holly... http://t.co/us1DMdXZVb (?EudryLantiqua?),1
300,KW:annihilation Please sign &amp; RT to save #SaltRiverWildHorses http://t.co/IKUAYUSEqt http://t.co/BQBHUyfmE9,0
301,KW:buildings%20burning @PPFA At least they aren't burning buildings and looting stores.,0
302,"LOC:San Francisco , CA KW:drought ItÛªs time to do away with drought.Check out how the #cloud #IOT are helping conserve water http://t.co/nnv3zwVANt",1
303,LOC:Sacramento KW:sinking After a Few Years Afloat Pension Plans Start Sinking Again http://t.co/4cEEuzWHvf,1
304,"LOC:ÌÏT: 40.562796,-75.488849 KW:hostage Murfreesboro peeps- I'm hearing Walmart on S Rutherford is on lockdown with a hostage is that true or a rumor?",1
305,"LOC:Mankato, MN KW:chemical%20emergency Emergency responders prepare for chemical disaster through Hazmat training. http://t.co/q9zixCi8E6",1
306,KW:landslide @RonWyden Democrats restricted  Blacks from Voting. In 48' Landslide Lyndon Johnson won Senate Election by 67 Votes of Dead People in Texas!,0
307,LOC:Los Angeles KW:drought We happily support mydrought  a project bringing awareness to the LA drought. Track your waterÛ_ https://t.co/2ZvhX41I9v,1
308,LOC:Ktx KW:smoke I get to smoke my shit in peace,1
309,LOC:Mo.City KW:blaze The mixtape is coming i promise. We goin in right now http://t.co/uUNGRqoUgn,0
310,"LOC:NY, CT & Greece KW:bridge%20collapse US wont upgrade its infrastructure? http://t.co/NGEHhG9YGa' it a bad situation and its going to get ugly very quickly #USA #sustainability",1
311,KW:hijacker Medieval airplane hijacker testa: earnings the distinction divers: HtaRvrGLY,1
312,"LOC:Bournemouth, Dorset, UK KW:nuclear%20reactor @SnowyWolf5 @TheGreenParty Besides would you rather shut down a whole nuclear reactor for maintenance or a wind turbine at a time?",1
313,"LOC:South, England KW:mudslide First time getting into #gbbo2015 and physically gasped at the cake 'mudslide' incident already way too emotionally invested...",1
314,LOC:Texas KW:military Courageous and honest analysis of need to use Atomic Bomb in 1945. #Hiroshima70 Japanese military refused surrender. https://t.co/VhmtyTptGR,1
315,LOC:Ireland KW:emergency%20plan Our builder is having a dental emergency. Which has ruined my plan to emotionally blackmail him this afternoon with my bump.,1
316,LOC:'soooota KW:collision @Zojadelin you literally almost had a head on collision with us today on pilot knob,1
317,"LOC:az KW:sirens connor franta: damn sirens I hope everyone is okay. 

dan howell: can you PLEASE get MURDERED on ANOTHER STREET",1
318,KW:volcano Maailiss: Diaporama : sixpenceee: Karymsky Lake is a crater lake located in the Karymsky volcanoåÊinåÊRussia. With aÛ_ http://t.co/4o460Fm8HN,0
319,LOC:New York City KW:first%20responders I just added 'Sandy First Responders Lost Their Homes' to VIP Home Page Group on @Vimeo: https://t.co/lKXi6UXjaQ,1
320,LOC:??????? ??????? ???????? KW:destruction @HassanRouhani Wars doomed to destruction loss money must invest in Iran's inside that should not go outside,1
321,KW:arson Two Jewish Terrorists Charged In Historic-Church Arson | The Ugly Truth http://t.co/iEksNFSbY7 http://t.co/VWCf3slkrW,0
322,"LOC:Arkansas, Jonesboro KW:bioterror USATODAY: On today's #frontpage: #Bioterror lab faced secret sanctions. #RickPerry doesn't make the cut for FoxNewÛ_ http://t.co/5uKOHk7SoB",1
323,LOC:Norway KW:massacre Is this the creepiest youth camp ever?. http://t.co/T8uqm7Imir,0
324,KW:hellfire The Prophet (peace be upon him) said 'Save yourself from Hellfire even if it is by giving half a date in charity.',1
325,LOC:Stay Fly? KW:eyewitness Lone Survivor: The Eyewitness Account of Operation Redwing and the Lost Heroes of SEAL TeamÛ_ http://t.co/NXtWXJCAVh http://t.co/oL8ESFRGLE,1
326,KW:landslide @MartinMJ22 @YouGov When did a 12 seat majority with 36% of the vote become a landslide?,1
327,KW:inundation Punjab government flood relief platform: http://t.co/vULrClw7Bd realtime information on inundation damages rescue efforts &amp; travel alerts,1
328,"LOC:Chicago, IL KW:exploded Final #Medinah update: shot a 105. 49 on front (exploded with a) 56 on back. #ImKeepingMyDayJob (pic is famous #17) http://t.co/kcmbBwwp8G",1
329,"LOC:di langit 7 bidadari (^,^ ) KW:lava @YoungHeroesID LAVA BLAST dan POWER RED #PantherAttack @Mirmanda11 @evaaaSR",1
330,LOC:California KW:arsonist Alleged East Bay serial arsonist arrested #SanFrancisco - http://t.co/ojuHfkHVb2,1
331,KW:lightning iCASEIT - MFi Certified Lightning Cable - 1m http://t.co/b32Jmvsb1E http://t.co/XKMiJGY59T,0
332,LOC:timeline kamu KW:bioterrorism Government Experts Concerned About Possible Bioterrorism Using GM Organisms: Scientists are concerned that the... http://t.co/SuMe5prO0F,1
333,"LOC:India KW:ablaze Man wife get six years jail for setting ablaze niece
http://t.co/eV1ahOUCZA",1
334,KW:collapsed I was on my way to Gary but all the Chicago entrances was closed due to a bridge collapsed ?????? I hope they let us through tomorrow,1
335,KW:survive #Autoinsurance industry clueless on driverless cars : #healthinsurance http://t.co/YdEtWgRibk,1
336,"LOC:Paterson, New Jersey  KW:injured Yelp Bolsters Health Care Reviews With Investigative Journalism: Sick and injured patients at a local ER are t... http://t.co/E8aEGOFDY2",1
337,"LOC:New York, NY KW:weapon 03/08/11: Police stop a 41-year-old in the Bronx citing 'casing a victim or location.' No weapon is found.",1
338,"LOC:Here, unless there.   KW:whirlwind @ckosova Read Whirlwind about this subject amongst others. The bomb saved millions of lives yes that's true.",1
339,KW:hurricane Ashley and I on going to hurricane harbor Friday. ?? http://t.co/ScEfPFvAEU,1
340,LOC:New Jersey/ D.R. KW:drowning @_jeesss_ @Ethereal_7 Hello 911 yeah we have someone drowning here send a medic http://t.co/7GiglwdMhy,1
341,"LOC:Manchester, England KW:destruction How American war planners singled out Hiroshima for destruction http://t.co/B5OKgpSpbH",1
342,"LOC:Florida, USA KW:armageddon Vladimir Putin Issues Major Warning But Is It Too Late To Escape Armageddon?
http://t.co/gBxafy1m1C",1
343,LOC:Own planet!! KW:massacre I see a massacre!!,1
344,"LOC:San Antonio-ish, TX KW:apocalypse Dad bought a DVD that looks like a science doc on the front but I read the back and it's actually about the impending biblical apocalypse",1
345,LOC:@potteratthedisc KW:hurricane Hurricane 30STM quem lembra,1
346,KW:mudslide Flood and Mudslide Warning for East Fjords | Iceland Review http://t.co/534q3Jg2OV #icelandreview via @iceland_review,1
347,KW:demolished Got my first gamer troll I just demolished a kid from Philly with Toronto on MLB and he was upset #BacktoBack #ChargedUp ??????,1
348,LOC:USA KW:hazardous #Taiwan Grace: expect that large rocks trees mud unstable and/or saturated land may slide ..very hazardous in hilly/mountain areas...,1
349,LOC:Bahrain KW:engulfed He came to a land which was engulfed in tribal war and turned it into a land of peace i.e. Madinah. #ProphetMuhammad #islam,1
350,LOC:Sheffield/Leeds KW:screams I agree with certain cultural appropriation things but honestly if u looked at my house it screams appropriation bc Buddhas and stuff-,1
351,LOC:shoujo hell  KW:trapped @onihimedesu the whole city is trapped! You can't leave the city! This was supposed to be a normal sports manga wit a love triangle (c),1
352,"LOC:Ames, Iowa KW:chemical%20emergency Our Chemical Spill Cleanup videos will prepare you for an emergency situation in the lab. http://t.co/UMQbyRUPBd",1
353,LOC:????? KW:weapon Abe's government made clear that grenades were not 'weapon.',1
354,"LOC:Williamsbridge, Bronx, New Yor KW:casualties Warfighting Robots Could Reduce Civilian Casualties So Calling for a Ban Now Is Premature http://t.co/lzff4pT4AZ #FTSN #FTSNNewsdesk #Û_",1
355,"LOC:Rapid City, Black Hills, SD KW:lightning NWS says thunderstorms with deadly lightning will move across the Black Hills this evening. That assumes there's a safe type. Hmm?",1
356,LOC:far away KW:hailstorm Calgary news weather and traffic for August 5 * ~ 90 http://t.co/qBdRYXSGlC http://t.co/VZOd7qFFlv,0
357,"LOC:Memphis, TN KW:rainstorm That rainstorm didn't last nearly long enough",1
358,"LOC:Sligo and Galway, Ireland KW:riot @DavidJordan88 @Stephanenny Except we don't know who started the riot or if it even makes sense to credit any particular individuals...",1
359,LOC:Virginia KW:casualty @AvBronstein @Popehat @instapundit @KurtSchlichter Also are you aware of the casualty estimates for an invasion of Japan's home islands?,1
360,KW:windstorm @blakeshelton DON'T be a FART ??in a WINDSTORM.FOLLOW ME ALREADY. JEEZ.,1
361,KW:oil%20spill @TroySlaby22 slicker than an oil spill,0
362,KW:structural%20failure Slums are a manifestation state failure to provide housing to citizens. Illegality discourse confounds structural problems. #stopevictions,1
363,KW:bioterror Jacksonville Busines FedEx stops shipping potential bioterror pathogens http://t.co/sHzsYmaUSi,1
364,"LOC:El Paso, TX KW:hijacker Remove the http://t.co/7IEiZ619h0 and Linkury Browser Hijacker http://t.co/tFeaNwhH2h http://t.co/SjicbhzFo4",0
365,LOC:i beg vines sorry  KW:sunk @UnrealTouch fuck sake john Jesus my heart just sunk.,1
366,"LOC:Haysville, KS KW:mass%20murderer @CarlaChamorros HILLARY A MASS MURDERER.",0
367,"LOC:New Orleans ,Louisiana KW:burning%20buildings Burning buildings? Media outrage? http://t.co/pHixZnv1YN",1
368,"LOC:Norwalk, CT KW:nuclear%20reactor Has An Ancient Nuclear Reactor Been Discovered In Africa? ÛÒ Your... http://t.co/qadUfO8zXg",0
369,"LOC:New Haven, Connecticut KW:damage @JoeDawg42 TOR for a TOR situation only. Wind damage enhanced wording is key IMO",1
370,KW:chemical%20emergency Emergency 4 Harbor City Mod v4.5.2 #6 Chemical Fire in Residential Area!: http://t.co/uLuPxYzJwV via @YouTube,1
371,"LOC:Mooresville, NC KW:deaths don't get on I77 south... huge wreck and airlift and maybe some deaths interstate is completely blocked",1
372,"LOC:Bronx, New York KW:casualties Warfighting Robots Could Reduce Civilian Casualties So Calling for a... http://t.co/9DVU1RidZ3",1
373,"LOC:East Atlanta, Georgia KW:collision Well Saturn doesn't exist anymore. So the collision place has a starting estimate of $4000. That's 3 times what my car is worth.",1
374,LOC:Los Angeles KW:emergency%20plan Senators calling for emergency housing: Boxer Feinstein back plan to move #homeless vets to VA campus http://t.co/Gm80X3vutf,1
375,LOC:Erbil KW:bombed .@Vagersedolla visits villages recently bombed by Turkey and finds people fed up with the PKK http://t.co/UUWEiKD7sP,1
376,KW:burning%20buildings @foxnewsvideo @AIIAmericanGirI @ANHQDC So ... where are the rioters looters and burning buildings????  WHITE LIVES MATTER!!!!!!,1
377,LOC:Paris KW:volcano Diaporama : sixpenceee: Karymsky Lake is a crater lake located in the Karymsky volcanoåÊinåÊRussia. With a... http://t.co/7uf7TSt9Zx,0
378,KW:crash Crash and burn ?? https://t.co/Jq2iB1Ob1X,1
379,LOC:Upstairs. KW:survivors The second part which focuses on the survivors is really difficult to watch but at the same time is really powerful.,1
380,LOC:Maryland KW:hijack Jeep Cherokee Owners File Lawsuit Against Fiat Chrysler Harman After Hackers ... - The Consumerist http://t.co/2hocEP41kH #mcgsecure,0
381,KW:casualty Another sad ocean casualty-Gray whale population in the Pacific listed as critically #endangered (#drone video) https://t.co/vwz3vZpmfb .,1
382,LOC:The 5th Dimension.  KW:blown%20up White family (supposedly representing America's GREAT values ) gets blown up in a horrible CGI nuclear strike..... LMFAOOOO!!!!!!!!!!!!,1
383,KW:fatalities 'Among other main factors behind pedestrian fatalities are people failing to yield to a car' http://t.co/dgUL7FfJt2,1
384,LOC:?????? KW:weapons #Battlefield 1942 forgotten hope secret weapons,1
385,LOC:Earth KW:arsonist Alleged East Bay serial arsonist arrested http://t.co/WR48AQTUm7,1
386,LOC:Lindenhurst KW:crashed Thief Broke Front Window Of Hicksville Store Stole 50 Cell Phones; Fled Crashed Into... http://t.co/6odNBttPSq,0
387,KW:heat%20wave NOT.. Ready for this heat wave .. I don't want the sun to come back out.. I'm enjoying this break of cooler temps..,1
388,LOC:Australian Capital Territory KW:burning #?x?: :and to counter acts such as the burning of the Alexandrian library.,1
389,KW:weapon @abcnews A nuclear bomb is a terrible weapon!!,1
390,LOC:Host of #MindMoversPodcast KW:war%20zone the war on drugs has turned the U.S. into a WAR zone.,1
391,KW:avalanche driving the avalanche after having my car for a week is like driving a tank,1
392,LOC:U.K. KW:crushed Man crushed to death by own car http://t.co/CrPO9DkW9v,1
393,"LOC:Orlando, FL KW:detonate #hiphop #news #indie Apollo Brown ÛÒ ÛÏDetonateÛ Ft. M.O.P. - &lt;a href='http://t.co/WnowfVCbMs... http://t.co/JxWOjxqndC",1
394,LOC:probably watching survivor KW:lava The sunset looked like an erupting volcano .... My initial thought was the Pixar short Lava http://t.co/g4sChqFEsT,1
395,LOC:Washington D.C. KW:hostage Nearly 35 years after their release from captivity legislation is being introduced in Congress to compensate 53Û_ http://t.co/NCjLXzFWaa,0
396,Was in NYC last week!,0
397,"LOC:Concord, CA KW:ablaze @Navista7 Steve these fires out here are something else! California is a tinderbox - and this clown was setting my 'hood ablaze @News24680",1
398,"LOC:Atlanta KW:electrocuted Worked in factory pressing designs onto T-shirts was electrocuted 
d/t faulty ground. Boss docked my pay while I was at ER #WorstSummerJob",1
399,LOC:In @4SkinChan 's arms KW:casualty @reriellechan HE WAS THE LICH KING'S FIRST CASUALTY BLOCK ME BACK I HATE YOU! http://t.co/0Gidg9U45J,1
400,"LOC:KLA,Uganda KW:curfew Next May I'll be free...from school from obligations like family.... Best of all that damn curfew...",1
401,KW:lightning Don't blink ?? won't see the Lightning take the W ?? http://t.co/D4c2iqiRnU,1
402,LOC:Nigeria KW:pandemonium Pandemonium In Aba As Woman Delivers Baby Without Face (Photos).... http://t.co/lYXNjlxL8s http://t.co/CXYFqN3ue4,1
403,KW:evacuate CHICAGO (AP) ÛÓ Organizers of Lollapalooza say they are reopening the music festival after the threat of a storm prompted them to evacuate,1
404,LOC:Ireland KW:fatalities Driver fatalities down on Irish roads but pedestrians and cyclists at more risk http://t.co/E7OJhpdfG2,1
405,KW:riot @Live_Workshop selfie at booth or riot Kappa,1
406,KW:accident RT @SleepJunkies: Sleeping pills double your risk of a car accident http://t.co/7s9Nm1fiCT,0
407,KW:lightning World War II book LIGHTNING JOE An Autobiography by General J. Lawton Collins http://t.co/BzdfznKvoG http://t.co/eRhdH37rDh,0
408,"LOC:Lethbridge, AB, Canada KW:thunderstorm Wed 20:30: Mainly cloudy. 60 percent chance of showers this evening with risk of a thunderstorm. Low 10.",0
409,"LOC:Austin, Texas KW:body%20bags @FoxNews @JenGriffinFNC When you call to report dangerous activity tell em to have body bags on arrival.",1
410,"LOC:Victoria, British Columbia KW:devastation @Pam_Palmater i agree with @perrybellegarde to get out &amp; vote. Look at devastation @pmharper caused #FirstNations #IdleNoMore #cndpoli #yyj",1
411,KW:annihilation @willienelson We need help! Horses will die!Please RT &amp; sign petition!Take a stand &amp; be a voice for them! #gilbert23 https://t.co/e8dl1lNCVu,1
412,LOC:#Bummerville otw KW:collapse Why did I come to work today.. Literally wanna collapse of exhaustion,1
413,LOC:Leeds KW:flattened Flattened thee striker,1
414,"LOC:Rock Hill, SC KW:drought Large rain drops falling in Rock Hill off Anderson Road. #rain #scwx #drought",0
415,LOC:The P (South Philly) KW:pandemonium Pandemonium use to be my fav cd ?? I had to get it http://t.co/6WhUgaeM3C,1
416,KW:chemical%20emergency Emergency units simulate a chemical explosion at NU - Evanston Now http://t.co/kfyEbhb3DI,1
417,"LOC:Jacksonville, FL KW:bioterror [JAX Biz Journal] FedEx stops shipping potential bioterror pathogens http://t.co/R33nCvjovC",1
418,"LOC:Ab, Canada KW:hailstorm Nice job Calgary transit ! http://t.co/RGOGUyt0LF",0
419,KW:fear Nothing to fear. It's all about taking risks.,1
420,LOC:UK KW:blight The #Palestinian #refugee tragedy is a blight on humanity &amp; should shame every #Israeli for living with it. https://t.co/gAAE0nO5du,1
421,"LOC:Leeds, England KW:buildings%20burning saving babies from burning buildings soaking cake in a shit tonne of alcohol mat is a man after my own heart ?? #GBBO",0
422,"LOC:trapped in America KW:rioting @evacide The Ferguson RIOTS worked. This of this the next time you say RIOTING doesn't change anything.

There fixed it for you.",1
423,LOC:Cyprus KW:death #Cyprus: News Analysis: Mullah Omar's death may split Taliban's ranks - ..Omar's demise would certainly lead... http://t.co/AJkmcusWHo,1
424,"LOC:Savannah, GA KW:buildings%20burning Sinking ships burning buildings &amp; Falling objects are what reminds me of the old us.",1
425,KW:devastation I'm in utter shock and devastation you don't go to work to be left feeling how I do now. Life really is too short ??,1
426,LOC:Australia KW:snowstorm @Habbo bring back games from the past. Snowstorm. Tic tac toe. Battleships. Fast food. Matchwood.,1
427,"LOC:Caracas, Venezuela. KW:burning We will be burning up like neon lights??????",1
428,KW:nuclear%20reactor Quick Fact: No #nuclear reactor has come into operation in the #US for over 43 years.  http://t.co/V1mtR517Ue,0
429,KW:cyclone @XHNews We need these plants in the pacific during the cyclone seasons it would help,1
430,"LOC:South, USA KW:snowstorm Sassy city girl country hunk stranded in Smoky Mountain snowstorm #AoMS http://t.co/HDJS9RNtJ4 #ibooklove #bookboost",1
431,KW:bomb @smallforestelf Umm because a gun stopped the gunman with who was carrying a bomb!,1
432,LOC:UPTOWN  KW:death Until my death I'll forever rep the Jets.,1
433,"LOC:Los Angeles, CA KW:drought 'It's an eerie way of revealing both our history and our possible fate.' #CADrought #LakeIsabella by @jpanzar http://t.co/pvExbIiqSK",0
434,KW:hurricane #kick #hurricane Seriously #simple websites: http://t.co/x8W7tF6FHg Looking For A Seriously Simple Program To http://t.co/9NZ9zFM93i,1
435,LOC:Azeroth KW:catastrophe Chances are many of us are still digging out from that catastrophe. THIS is why WoW NEEDS to evolve. THIS is why it can't be Vanilla anymore,1
436,"LOC:Ealing, London KW:mudslide 'It looks like a mudslide!' And #GBBO is back with a belter!",1
437,LOC:??? ??? ????? ??? ???. KW:hurricane Be careful during hurricane season ???? https://t.co/bFtOU2nybW,1
438,LOC:Trinidad & Tobago KW:rescue Policyholders object to Clico rescue plan http://t.co/E4DvI9vUXZ http://t.co/JyCpf8iYhg,1
439,KW:sunk British diver Neil Anthony Fears found dead by the wreck of a steamship - Daily Mail http://t.co/QP3GVvfoFq,1
440,LOC:Sydney KW:thunderstorm Beautiful lightning as seen from plane window http://t.co/5CwUyLnFUm http://t.co/1tyYqFz13D,0
441,"LOC:Raleigh Durham, NC KW:blaze #breaking Firefighters battling blaze at east Cary condo building http://t.co/mIM8hH2ce6",1
442,KW:tragedy Robert Gagnon reviews the catastrophe of imposing same-sex marriage and how Christians should respond http://t.co/HIpklxpHnp,1
443,LOC:United States KW:bioterror RT alisonannyoung: EXCLUSIVE: FedEx no longer to transport research specimens of bioterror pathogens in wake of anthrax lab mishaps Û_,0
444,"LOC:Mysore, Karnataka KW:hazardous #foodscare #offers2go #NestleIndia slips into loss after #Magginoodle #ban unsafe and hazardous for #humanconsumption",1
445,LOC:U.K. KW:survived Well said Sir. My cousin was a POW. Brutally treated. Survived but never talked about it. The bombing was justified https://t.co/SuDkK1wEEZ,1
446,KW:detonate @channelstv:That's why terrorism is not d war for d army but for Intel agents who can counter their moves before they detonate their bombs.,1
447,KW:explosion GAElite 0    Explosion Greg 2 [Top 3rd] [0 Out] [0 balls] [0 strikes] ... No one on [P: #16 Morgan Orchard] [B: ],1
448,KW:hijacking @Drsarwatzaib070 come on. IK will face MCourt for attacking parliment and hijacking TV station.,1
449,"LOC:Wilmington, DE KW:bioterror FedEx no longer to transport bioterror germs in wake of anthrax lab mishaps http://t.co/qZQc8WWwcN via @usatoday",0
450,LOC:LFC x GSW KW:exploded @KopiteLuke1892 Its broken its fully exploded.,1
451,KW:police Police expand search for missing pregnant woman in Beloeil: Police in Richelieu-Saint-Laurent are expanding th... http://t.co/hMuyzmv8qH,0
452,"LOC:KÌ¦ln, Nordrhein-Westfalen KW:detonate Detonate (feat. M.O.P.) by Apollo Brown http://t.co/fllaBzGCRc",1
453,LOC:Worldwide KW:detonate 52.214904 5.139055 Nuke please. Target Hilversum please detonate 800 meters below surface.,1
454,LOC:World KW:trauma Trauma can happen anywhere -- school home etc. -- at any time. Learn the ABC's of trauma and how to parent... Û_ http://t.co/fMj8MXJY8a,1
455,KW:smoke @BillMcCabe  sky looks clear.... No smoke from the fires. Enjoy your time in Tahoe. One of my favorite places!,1
456,"LOC:Leesburg, FL KW:lightning .@dantwitty52 shuts the door on the Boom in the bottom half. #Lightning coming up in the top of the eighth.",0
457,KW:accident ???? it was an accident http://t.co/Oia5fxi4gM,0
458,"LOC:The Windy City KW:explode Is he about to crash?
Did the Queen die?
Did something explode? 
Who knows. http://t.co/LThMwtl5fP",1
459,LOC:Near Yosemite KW:dust%20storm 6 Things Getting Caught in a Dust Storm &amp; the Challenging Real Estate Market Have in Common (+ video): http://t.co/jf5Ft5cq9j,0
460,KW:wounds Woodlawn Shooting Wounds 79-Year-Old Woman Teen - Woodlawn - http://t.co/nu3XXn55vS Chicago http://t.co/XNGrfNQSx3,1
461,LOC:Hame KW:siren There's a weird siren going off here...I hope Hunterston isn't in the process of blowing itself to smithereens...,1
462,KW:wreck the sunset boys wreck my bed   original 1979 usa gimp label  vinyl 7' 45  newave http://t.co/X0QLgwoyMT http://t.co/hQNx8qMeG3,1
463,KW:trouble OH MY GOD RYANS IN TROUBLE http://t.co/ADIp0UnXHU,1
464,LOC: Tropical SE FLorida KW:injured #WakeUpFlorida... #Floridians more likely to be killed/injured by a #TrophyHunt killer's gun than by ISIS.  https://t.co/j5In8meXAJ,0
465,KW:police Vinnie Jones goes on the beat with Northumbria Police http://t.co/UP30AQgnLf,0
466,LOC://??// KW:evacuate Tonight is being quite interesting... A few minutes ago the fire system went off and we had to evacuate the building.,1
467,"LOC:Asheville, NC KW:tornado I liked a @YouTube video http://t.co/itnKBxgWLH Lexi Belle for Oklahoma tornado victims",1
468,KW:bridge%20collapse Ashes 2015: AustraliaÛªs collapse at Trent Bridge among worst in history: England bundled out Australia for 60 ... http://t.co/t5TrhjUAU0,0
469,"LOC:Carol Stream, Illinois KW:hail GREAT MICHIGAN TECHNIQUE CAMP
B1G THANKS TO @bmurph1019 
@hail_Youtsey . @termn8r13 
#GoBlue #WrestleOn http://t.co/OasKgki6Qj",1
470,LOC:Isolated City In World Perth KW:bloody 'I came to kill Indians...for FUN': Video of smirking and remorseless Pakistani killer shows him boasting. http://t.co/FPjLwOXKlg,1
471,LOC:Malibu/SantaFe/Winning! KW:mudslide STERLING-SCOTT on the Red Carpet at a fundraiser for 'OSO Mudslide' https://t.co/mA4ra7AtqL http://t.co/cg579wlDnE,1
472,"LOC:West Coast, Cali USA KW:volcano The Architect Behind Kanye WestÛªs Volcano https://t.co/MUSBIk7EJf",0
473,LOC:Mumbai KW:attack India shud not give any evidence 2 pak.They will share with terrorists &amp; use for next attack.Share with oth contries https://t.co/qioPbTIUVu,1
474,LOC:hyderabad KW:cyclone @roughdeal1 ante hudhud cyclone Chandrababu Valle ne ante Ga?,1
475,LOC:NYHC KW:demolish If you think going to demolish Drake's house over some ghostwriting shit you should know that Rihanna lives next door.,1
476,KW:forest%20fires Cartoon Bears. Without them we would qave no knowlddge of forest fires or toilet paper.,0
477,LOC:miami KW:drought @_gaabyx we got purple activist I thought it was a drought,1
478,KW:first%20responders This week first responders and DART members are participating in a four day intensive Technical Large Animal... http://t.co/tL93AOd3ER,1
479,KW:detonation Ignition Knock (Detonation) Sensor-Senso fits 01-06 BMW 325Ci 2.5L-L6 http://t.co/gBVDNczjoU http://t.co/c211HISe0R,1
480,"KW:terrorism Truth...
https://t.co/beJfTYgJIL
#News
#BBC
#CNN
#Islam
#Truth
#god
#ISIS
#terrorism
#Quran
#Lies http://t.co/jlCZiDZ7Vu",0
481,LOC:New Chicago KW:hostage @mylittlepwnies3 @Early__May @AnathemaZhiv @TonySandos much of which has to do with lebanon 80s attack/ iran hostage crisis/ Libya Pan am,1
482,LOC:Jammu | Kashmir | Delhi KW:rescued 18 bovines rescued 3 smugglersåÊnabbed http://t.co/E7fn5G5rUu,1
483,"LOC:Fredericksburg, Virginia KW:wounded .@wwp is serving more than 75k veterans. 52k OIF/OEF vets have physical wounds; many more have invisible ones http://t.co/sHHLV4dPlz #client",1
484,LOC:Tring  KW:mudslide @marc_holl @NenniCook @AitchKayCee @vixstuart @benjbeckwith It's not pretty ??#disaster #GBBO #mudslide,1
485,KW:bioterrorism Firepower in the lab [electronic resource] : automation in the fight against infectious diseases and bioterrorism /Û_ http://t.co/KvpbybglSR,0
486,"LOC:Washington, D.C. KW:explode Kendall Jenner and Nick Jonas Are Dating and the World Might Quite Literally Explode http://t.co/pfvzVPxQGr",1
487,"LOC:Nashville, TN KW:trauma Esteemed journalist recalls tragic effects of unaddressed #childhood #trauma. @keithboykin @RandallPinkston @pozarmy  http://t.co/GXq1Auzb18",1
488,LOC:Stay Tuned ;)  KW:massacre @freddiedeboer @Thucydiplease then you have rise of Coates Charleston massacre Walter Scott and black twitter more broadly as well.,1
489,LOC:Tennessee/Gallifrey KW:deaths @mathew_is_angry @Z3KE_SK1 @saladinahmed they died horrible deaths trapped in the ships but they knew that was a risk.,1
490,"LOC:Whiterun, Skyrim KW:burning%20buildings Destruction magic's fine just don't go burning down any buildings.",1
491,LOC:UK KW:derailment @Raishimi33 :) well I think that sounds like a fine plan where little derailment is possible so I applaud you :),1
492,"LOC:Buxton, Venice, and Nottingham KW:catastrophic 'Invading Iraq was a catastrophic mistake'.

Diplomacy needs to replace constant threat of war by US and Israel:

http://t.co/yqjpn3qUUX",1
493,"LOC:Screwston, TX KW:bombed 'Redskins WR Roberts Belly-Bombed ' via @TeamStream http://t.co/GbcvVEvDTY",1
494,LOC:Worldwide KW:arsonist Suspected serial arsonist arrested in Calif. http://t.co/PzotPDGAkI,1
495,LOC:Vineyard KW:hurricane @ChubbySquirrel_ @Hurricane_Surge this here is very true &gt;:33333,1
496,"LOC:Dublin City, Ireland KW:buildings%20burning @RockBottomRadFM Is one of the challenges on Tough Enough rescuing people from burning buildings?",0
497,KW:trauma Butt Trauma Extraordinaire,1
498,LOC:Mumbai KW:bridge%20collapse @ameenshaikh3 sir i just only wanted to make a point about @sureshpprabhu you made and said he is lying about bridge collapse.,1
499,"LOC:Jacksonville Beach, FL KW:drowned Jacksonville  family bands together as memorial is planned for  ... http://t.co/tilgurKv7Z",1
500,"LOC:SEATTLE, WA USA KW:collision On I-405 southbound at Coal Creek Pkwy there is a collision blocking the center lane.",1
501,LOC:Kashmir! KW:wounds Acc to the study conducted by SKIMS morethan 50% population in #Kashmir suffer psychiatric disorders http://t.co/sAF9MoSkSN #KashmirConflict,1
502,"LOC:Portland, OR KW:catastrophic Something Catastrophic Is Coming: Should We Tune Out? http://t.co/a8jZ5A26wi",1
503,KW:hazardous JAX issues Hazardous Weather Outlook (HWO) http://t.co/fuCOQhcLAD,0
504,KW:emergency @chowtaxis of Newport a big thanks for the emergency run to pick Jackie up from Bristol temple messages much appreciated,1
505,"LOC:Florida KW:explosion #Tampa: Super Freestyle Explosion Live in Concert at Amalie Arena - Sep  19
? Ticket Info: http://t.co/ooGotO76uZ",0
506,KW:crash Make man pikin crash ??????,1
507,"LOC:Suva, Fiji Islands. KW:wounded GENERAL AUDIENCE: On Wounded Families | ZENIT - The World Seen From Rome http://t.co/hFvnyfT78C",0
508,"LOC:St. Louis, MO KW:accident #stlouis #caraccidentlawyer Speeding Among Top Causes of Teen Accidents https://t.co/k4zoMOF319 https://t.co/S2kXVM0cBA Car Accident teeÛ_",0
509,KW:bombed @SweetieBirks @mirrorlady2 @SLATUKIP So name all the countries we've invaded/bombed aside Libya in North Africa in last 5 years.....,1
510,"LOC:San Jose, California KW:collapse Timestack' Photos Collapse Entire Sunsets Into Single Mesmerizing Images. http://t.co/Cas8xC2DFE",0
511,"LOC:St. Louis, MO KW:rubble Steve Buscemi was a firefightr B4 fame &amp; workd 12hr shifts diggin thru WTC rubble lookg 4 survivors. http://t.co/L9fJpNSZuO",1
512,"LOC: 616 Û¢ Kentwood , MI  KW:flames @selmoooooo @_edvinnn @imTariik @dzafic_haris selmo u not catching flames from me  im just gonna be witnessing the slaughter",1
513,KW:police Police unions retard justice &amp; drain gov $ but cops vote 4 Rs so Rs go after teachers unions instead! @DCCC @VJ44 @Lawrence @JBouie @mmfa,0
514,LOC:NY KW:twister Crazy Mom Threw Teen Daughter a NUDE Twister Sex Party According To Her Friend50 =&gt;http://t.co/Hy5Pbe12TM http://t.co/c1nJpLi5oR,1
515,LOC:Charlotte County Florida KW:burning%20buildings Where are the protests ? The riots? The burning buildings? How come you don't see any of that crap happening when... http://t.co/1QOchsPYbw,1
516,LOC:Newcastle upon Tyne KW:deluge Here I'm the UK there isn't a deluge of Canadian themed tops around...The timing was perfect. I can't quite believe it. Mad.,1
517,"LOC:Avon, OH KW:fatalities ...American casualties including 400000ÛÒ800000 fatalities and five to ten million Japanese fatalities.' https://t.co/TxzXCNUDr8",1
518,"LOC:London, UK KW:explosion EE recalls Power Bar phone chargers after explosion burns woman ÛÒ The Register http://t.co/lhTvKcoISo",1
